{"year":{"0":2010,"1":2011,"2":2012,"3":2013,"4":2014,"5":2015,"6":2016,"7":2017,"8":2018,"9":2019},"total":{"0":6774961,"1":7010065,"2":7090389,"3":7231985,"4":7353940,"5":7554891,"6":7573732,"7":7491660,"8":7592182,"9":7429481},"change":{"0":null,"1":3.3538062771,"2":4.4866637268,"3":6.4445770798,"4":8.1029398078,"5":10.7628193481,"6":11.0115870626,"7":9.9160755204,"8":11.2400954135,"9":9.0501577853}}